text,category,language,tone
"Embrace the power of mindfulness in your daily routine. Small moments of awareness can transform your entire day.",wellness,en,uplifting
"The journey of self-discovery begins with a single step inward. Trust the process and be patient with yourself.",spirituality,en,devotional
"Innovation thrives when diverse minds collaborate. Embrace different perspectives to unlock creative solutions.",business,en,formal
"Every challenge is an opportunity to grow stronger. Face difficulties with courage and determination.",motivation,en,uplifting
"In the silence of meditation, we find the answers that our busy minds often miss.",spirituality,en,devotional
"Success is not just about reaching the destination, but appreciating the journey along the way.",motivation,en,neutral
"Technology should serve humanity, not the other way around. Let's build a future that enhances human connection.",technology,en,formal
"Gratitude is the key that unlocks the door to abundance. Count your blessings, no matter how small.",wellness,en,uplifting
"Leadership is not about being in charge, but about taking care of those in your charge.",business,en,formal
"The best investment you can make is in yourself. Never stop learning and growing.",education,en,neutral
"Kindness is a language that everyone understands, regardless of culture or background.",humanity,en,casual
"Dreams are the seeds of reality. Plant them with intention and water them with action.",motivation,en,uplifting
"In a world of constant noise, find your inner peace through moments of quiet reflection.",wellness,en,devotional
"Collaboration over competition creates a world where everyone can thrive.",business,en,formal
"Your potential is limitless when you believe in yourself and take consistent action.",motivation,en,uplifting
